,Trial_ID,cluster,Rat_ID,Amplitude,Frequency_Hz,Pulse_Width(us),post_stim,pre_stim,percent_change,Trial_Cluster
0,DW322_VF_1_240918_143256,0.0,DW322,51,5,300,8.797049815401718e-05,4.6735823603193273e-05,88.22926691294364,DW322_VF_1_240918_143256_0.0
1,DW322_VF_1_240918_143256,3.0,DW322,51,5,300,8.605560709044415e-05,2.300584523380252e-05,274.0597496674564,DW322_VF_1_240918_143256_3.0
2,DW322_VF_1_240918_143256,4.0,DW322,51,5,300,3.5102354605917774e-05,2.6505316828257194e-05,32.435144365055535,DW322_VF_1_240918_143256_4.0
3,DW322_VF_1_240918_143256,5.0,DW322,51,5,300,5.441264815655671e-05,3.0514587770664594e-05,78.31683837743559,DW322_VF_1_240918_143256_5.0
4,DW322_VF_1_240918_143256,10.0,DW322,51,5,300,5.170864147285185e-05,6.957337142844642e-05,-25.677539536757642,DW322_VF_1_240918_143256_10.0
5,DW322_VF_1_240918_143256,13.0,DW322,51,5,300,7.466141122279211e-05,6.516117977054533e-05,14.579587855376978,DW322_VF_1_240918_143256_13.0
6,DW322_VF_1_240918_143256,15.0,DW322,51,5,300,9.998904439216056e-05,5.9976504257581e-05,66.71369168622726,DW322_VF_1_240918_143256_15.0
7,DW322_VF_1_240918_143256,16.0,DW322,51,5,300,1.8078813895648003e-05,9.564384801633139e-06,89.02223478671631,DW322_VF_1_240918_143256_16.0
8,DW322_VF_1_240918_143256,17.0,DW322,51,5,300,4.685083453542652e-05,3.54670582099735e-05,32.09675935922944,DW322_VF_1_240918_143256_17.0
9,DW322_VF_1_240918_143256,18.0,DW322,51,5,300,3.479495095710641e-05,7.555374568601235e-05,-53.9467558607777,DW322_VF_1_240918_143256_18.0
10,DW322_VF_1_240918_143256,19.0,DW322,51,5,300,1.0763091307737846e-05,1.1761972015753148e-05,-8.492459484493516,DW322_VF_1_240918_143256_19.0
11,DW322_VF_1_240918_143256,20.0,DW322,51,5,300,8.015680990308161e-05,7.204926933018603e-05,11.252772787660751,DW322_VF_1_240918_143256_20.0
12,DW322_VF_1_240918_143256,21.0,DW322,51,5,300,5.193951108317572e-05,7.426680654988875e-05,-30.063626677841146,DW322_VF_1_240918_143256_21.0
13,DW322_VF_1_240918_143256,22.0,DW322,51,5,300,7.201536418836668e-06,0.00011753070084453659,-93.87263381645067,DW322_VF_1_240918_143256_22.0
14,DW322_VF_1_240918_143256,23.0,DW322,51,5,300,1.3097329230782446e-05,2.112437698346576e-05,-37.99897984667739,DW322_VF_1_240918_143256_23.0
15,DW322_VF_1_240918_143256,24.0,DW322,51,5,300,6.348170417732737e-05,4.989927521834671e-06,1172.1969186836354,DW322_VF_1_240918_143256_24.0
16,DW322_VF_1_240918_143256,25.0,DW322,51,5,300,3.5898051865525134e-05,3.830601381029739e-05,-6.2861198680112995,DW322_VF_1_240918_143256_25.0
17,DW322_VF_1_240918_143256,26.0,DW322,51,5,300,2.0019905611817612e-05,2.4590033418673678e-05,-18.585285058561613,DW322_VF_1_240918_143256_26.0
18,DW322_VF_1_240918_143256,27.0,DW322,51,5,300,4.3683991741647594e-05,3.0150148691443348e-05,44.88814694981974,DW322_VF_1_240918_143256_27.0
19,DW322_VF_1_240918_143256,28.0,DW322,51,5,300,6.072166439642361e-05,2.2972837562529284e-05,164.3193912425776,DW322_VF_1_240918_143256_28.0
20,DW322_VF_1_240918_143256,29.0,DW322,51,5,300,1.544359410602954e-05,2.2573481646394936e-06,584.147636060206,DW322_VF_1_240918_143256_29.0
21,DW322_VF_1_240918_143256,30.0,DW322,51,5,300,7.833267604535688e-05,3.972496565752148e-05,97.18752363609774,DW322_VF_1_240918_143256_30.0
22,DW322_VF_1_240918_143256,31.0,DW322,51,5,300,3.275378515658185e-05,5.338533209566708e-05,-38.64647109830333,DW322_VF_1_240918_143256_31.0
23,DW322_VF_1_240918_143256,32.0,DW322,51,5,300,7.889957942854225e-05,4.41923294433499e-05,78.5368194489126,DW322_VF_1_240918_143256_32.0
24,DW322_VF_1_240918_143256,33.0,DW322,51,5,300,9.949766622088982e-05,5.9296633952447696e-05,67.7964828504109,DW322_VF_1_240918_143256_33.0
25,DW322_VF_1_240918_143256,34.0,DW322,51,5,300,1.848597151098686e-05,2.0069308930853576e-05,-7.889346989086264,DW322_VF_1_240918_143256_34.0
26,DW322_VF_1_240918_143256,35.0,DW322,51,5,300,8.226074781083427e-05,6.415621099501712e-06,1182.1946080516395,DW322_VF_1_240918_143256_35.0
27,DW322_VF_1_240918_143256,36.0,DW322,51,5,300,4.528722790712883e-05,5.940389906946021e-07,7523.61202152321,DW322_VF_1_240918_143256_36.0
28,DW322_VF_1_240918_143256,38.0,DW322,51,5,300,6.654492438987936e-05,5.252304280382123e-05,26.696628446358766,DW322_VF_1_240918_143256_38.0
29,DW322_VF_1_240918_143256,39.0,DW322,51,5,300,0.00010030249725195995,5.54161775907371e-05,80.99858491273073,DW322_VF_1_240918_143256_39.0
30,DW322_VF_1_240918_143256,40.0,DW322,51,5,300,5.220666057162612e-06,1.6633091739448904e-06,213.87225772227876,DW322_VF_1_240918_143256_40.0
31,DW322_VF_2_240918_143936,4.0,DW322,51,20,300,6.298256317649559e-05,6.352677347378849e-05,-0.8566628958693194,DW322_VF_2_240918_143936_4.0
32,DW322_VF_2_240918_143936,6.0,DW322,51,20,300,6.241033394987232e-05,5.9248319288535714e-05,5.336884994049851,DW322_VF_2_240918_143936_6.0
33,DW322_VF_2_240918_143936,7.0,DW322,51,20,300,0.00010600572022988658,8.714461116340876e-05,21.643460008227603,DW322_VF_2_240918_143936_7.0
34,DW322_VF_2_240918_143936,8.0,DW322,51,20,300,0.00010011319359797344,6.810848359942917e-05,46.99078339018035,DW322_VF_2_240918_143936_8.0
35,DW322_VF_2_240918_143936,9.0,DW322,51,20,300,4.733338621294356e-05,6.522616848550485e-05,-27.43190760398196,DW322_VF_2_240918_143936_9.0
36,DW322_VF_2_240918_143936,10.0,DW322,51,20,300,1.990185012497276e-05,3.410433965688693e-05,-41.644229663441564,DW322_VF_2_240918_143936_10.0
37,DW322_VF_2_240918_143936,11.0,DW322,51,20,300,4.078419910178037e-05,3.472756826434873e-05,17.440411581162646,DW322_VF_2_240918_143936_11.0
38,DW322_VF_2_240918_143936,12.0,DW322,51,20,300,0.00011706806173588725,0.00011516077068434891,1.6561985823854388,DW322_VF_2_240918_143936_12.0
39,DW322_VF_2_240918_143936,14.0,DW322,51,20,300,5.0821782437844794e-05,4.040314087700841e-05,25.7867119602208,DW322_VF_2_240918_143936_14.0
40,DW322_VF_2_240918_143936,15.0,DW322,51,20,300,9.43716958983213e-05,7.435662037475906e-05,26.91767783781163,DW322_VF_2_240918_143936_15.0
41,DW322_VF_2_240918_143936,16.0,DW322,51,20,300,0.0001882573202714698,0.00010125580288528238,85.92250015019452,DW322_VF_2_240918_143936_16.0
42,DW322_VF_2_240918_143936,17.0,DW322,51,20,300,3.530020692310813e-05,4.017267088799343e-05,-12.128802634184707,DW322_VF_2_240918_143936_17.0
43,DW322_VF_2_240918_143936,18.0,DW322,51,20,300,6.062936620702195e-05,5.477404695561977e-05,10.68995186013259,DW322_VF_2_240918_143936_18.0
44,DW322_VF_2_240918_143936,19.0,DW322,51,20,300,2.7709812209035663e-05,3.7469262832443584e-05,-26.046550921085874,DW322_VF_2_240918_143936_19.0
45,DW322_VF_2_240918_143936,20.0,DW322,51,20,300,2.1184906955727086e-05,3.619054296055198e-05,-41.46286509484307,DW322_VF_2_240918_143936_20.0
46,DW322_VF_2_240918_143936,21.0,DW322,51,20,300,2.8828073951161955e-06,1.5141514903597947e-05,-80.96090507805675,DW322_VF_2_240918_143936_21.0
47,DW322_VF_2_240918_143936,22.0,DW322,51,20,300,6.49207311614226e-05,5.603257727716879e-05,15.862475574321651,DW322_VF_2_240918_143936_22.0
48,DW322_VF_2_240918_143936,23.0,DW322,51,20,300,0.00010924308557350225,8.129578946834675e-05,34.37729836677093,DW322_VF_2_240918_143936_23.0
49,DW322_VF_2_240918_143936,24.0,DW322,51,20,300,7.848511515517793e-05,8.075882957723621e-05,-2.815437561392271,DW322_VF_2_240918_143936_24.0
50,DW322_VF_2_240918_143936,25.0,DW322,51,20,300,4.063921063602219e-05,4.17234381063275e-05,-2.5986052912089375,DW322_VF_2_240918_143936_25.0
51,DW322_VF_2_240918_143936,26.0,DW322,51,20,300,6.0799533170262665e-05,5.968277490574061e-05,1.8711567387504946,DW322_VF_2_240918_143936_26.0
52,DW322_VF_2_240918_143936,27.0,DW322,51,20,300,5.727885307303282e-05,3.89418539322274e-05,47.08815140829783,DW322_VF_2_240918_143936_27.0
53,DW322_VF_2_240918_143936,28.0,DW322,51,20,300,9.713511095780953e-05,7.292037694376418e-05,33.207088373555216,DW322_VF_2_240918_143936_28.0
54,DW322_VF_3_240918_144658,1.0,DW322,51,100,300,5.794180536122267e-05,5.74405407683594e-05,0.8726669111363753,DW322_VF_3_240918_144658_1.0
55,DW322_VF_3_240918_144658,2.0,DW322,51,100,300,2.635882285922865e-05,3.1643196839252744e-05,-16.699873931413077,DW322_VF_3_240918_144658_2.0
56,DW322_VF_3_240918_144658,4.0,DW322,51,100,300,5.998626083114181e-05,4.3489451719188825e-05,37.93289742642147,DW322_VF_3_240918_144658_4.0
57,DW322_VF_3_240918_144658,5.0,DW322,51,100,300,3.217610328475925e-05,4.040901542569418e-05,-20.373948868103362,DW322_VF_3_240918_144658_5.0
58,DW322_VF_3_240918_144658,6.0,DW322,51,100,300,3.194368756778454e-05,2.976316319930766e-05,7.326252098525619,DW322_VF_3_240918_144658_6.0
59,DW322_VF_3_240918_144658,7.0,DW322,51,100,300,3.8734094515757524e-05,4.4107015064828396e-05,-12.181555567008479,DW322_VF_3_240918_144658_7.0
60,DW322_VF_3_240918_144658,8.0,DW322,51,100,300,2.8125521804570113e-05,3.69929841035865e-05,-23.970659609903375,DW322_VF_3_240918_144658_8.0
61,DW322_VF_3_240918_144658,10.0,DW322,51,100,300,7.779582562486796e-05,6.617218758051625e-05,17.565745473063632,DW322_VF_3_240918_144658_10.0
62,DW322_VF_3_240918_144658,12.0,DW322,51,100,300,6.921508459266238e-06,1.2263973471611038e-05,-43.56226817280448,DW322_VF_3_240918_144658_12.0
63,DW322_VF_3_240918_144658,15.0,DW322,51,100,300,2.740766242132715e-05,2.880305326981775e-05,-4.844593506872445,DW322_VF_3_240918_144658_15.0
64,DW322_VF_3_240918_144658,19.0,DW322,51,100,300,3.024389175708369e-05,7.480195677906405e-06,304.31952664570537,DW322_VF_3_240918_144658_19.0
65,DW322_VF_3_240918_144658,20.0,DW322,51,100,300,7.517236456870407e-05,4.977125677830042e-05,51.03569697576572,DW322_VF_3_240918_144658_20.0
66,DW322_VF_3_240918_144658,25.0,DW322,51,100,300,7.171214323936626e-05,5.841854475422259e-05,22.755785069744974,DW322_VF_3_240918_144658_25.0
67,DW322_VF_3_240918_144658,28.0,DW322,51,100,300,8.171851476454443e-05,8.00268278320982e-05,2.113899773705278,DW322_VF_3_240918_144658_28.0
68,DW322_VF_3_240918_144658,29.0,DW322,51,100,300,1.4513630620167893e-05,9.619458937041902e-06,50.87782707070847,DW322_VF_3_240918_144658_29.0
69,DW322_VF_3_240918_144658,30.0,DW322,51,100,300,0.00010090272255145876,8.420847810267205e-05,19.82489747461304,DW322_VF_3_240918_144658_30.0
70,DW322_VF_3_240918_144658,34.0,DW322,51,100,300,7.411805854205468e-05,6.181466930539378e-05,19.903672340098296,DW322_VF_3_240918_144658_34.0
71,DW322_VF_4_240918_145638,0.0,DW322,51,100,300,5.8084242684390285e-05,5.688732788585375e-05,2.1040095272855583,DW322_VF_4_240918_145638_0.0
72,DW322_VF_4_240918_145638,1.0,DW322,51,100,300,6.148600340283587e-05,3.458825132865304e-05,77.76557368744638,DW322_VF_4_240918_145638_1.0
73,DW322_VF_4_240918_145638,2.0,DW322,51,100,300,5.458780901701036e-05,1.8965825381794343e-05,187.82195300295356,DW322_VF_4_240918_145638_2.0
74,DW322_VF_4_240918_145638,3.0,DW322,51,100,300,3.6770996192606917e-05,3.505149368951407e-05,4.905646870071194,DW322_VF_4_240918_145638_3.0
75,DW322_VF_4_240918_145638,4.0,DW322,51,100,300,6.436788510599493e-05,2.6566195333310348e-05,142.29244834801946,DW322_VF_4_240918_145638_4.0
76,DW322_VF_4_240918_145638,6.0,DW322,51,100,300,0.00011008227281705186,6.62989004505137e-05,66.03936425645341,DW322_VF_4_240918_145638_6.0
77,DW322_VF_4_240918_145638,9.0,DW322,51,100,300,7.905092573441351e-05,2.856290987995238e-05,176.76075745313838,DW322_VF_4_240918_145638_9.0
78,DW322_VF_4_240918_145638,10.0,DW322,51,100,300,0.00015749996594804095,0.00010180529149043795,54.70705269070823,DW322_VF_4_240918_145638_10.0
79,DW322_VF_4_240918_145638,11.0,DW322,51,100,300,3.0477790158983562e-05,2.2078854299485728e-05,38.04063265951923,DW322_VF_4_240918_145638_11.0
80,DW322_VF_4_240918_145638,16.0,DW322,51,100,300,4.800807890786023e-06,9.862304610968934e-06,-51.321642555569355,DW322_VF_4_240918_145638_16.0
81,DW322_VF_4_240918_145638,19.0,DW322,51,100,300,3.601953799476769e-06,4.476874633459359e-05,-91.95431166967148,DW322_VF_4_240918_145638_19.0
82,DW322_VF_4_240918_145638,21.0,DW322,51,100,300,5.7748405363486006e-05,0.00011375004654233779,-49.23219188135273,DW322_VF_4_240918_145638_21.0
83,DW322_VF_4_240918_145638,27.0,DW322,51,100,300,0.00011617161076661022,0.00015335082456890677,-24.244547694355838,DW322_VF_4_240918_145638_27.0
84,DW322_VF_4_240918_145638,28.0,DW322,51,100,300,9.762348182484453e-05,0.00011155651625712948,-12.489664342126229,DW322_VF_4_240918_145638_28.0
85,DW322_VF_4_240918_145638,29.0,DW322,51,100,300,1.74068265708847e-05,5.807142578218795e-05,-70.02514345665706,DW322_VF_4_240918_145638_29.0
86,DW322_VF_4_240918_145638,31.0,DW322,51,100,300,3.785937162425184e-05,7.57764028969981e-05,-50.03804591290299,DW322_VF_4_240918_145638_31.0
87,DW322_VF_5_240918_150137,7.0,DW322,51,5,300,5.751697651213416e-05,4.746887153829934e-05,21.167777215280328,DW322_VF_5_240918_150137_7.0
88,DW322_VF_5_240918_150137,12.0,DW322,51,5,300,5.816932698133736e-05,6.468960619140145e-05,-10.079330504458639,DW322_VF_5_240918_150137_12.0
89,DW322_VF_5_240918_150137,19.0,DW322,51,5,300,4.02450001428361e-05,3.9310853142562064e-05,2.376308132734545,DW322_VF_5_240918_150137_19.0
90,DW322_VF_5_240918_150137,21.0,DW322,51,5,300,4.88210859642762e-05,7.958158813818318e-05,-38.652787527305094,DW322_VF_5_240918_150137_21.0
91,DW322_VF_5_240918_150137,22.0,DW322,51,5,300,1.1309635137087788e-05,1.692260320585511e-05,-33.168467052547044,DW322_VF_5_240918_150137_22.0
92,DW322_VF_5_240918_150137,23.0,DW322,51,5,300,2.080673242178117e-05,4.5141842438856386e-05,-53.908101004155014,DW322_VF_5_240918_150137_23.0
93,DW322_VF_5_240918_150137,24.0,DW322,51,5,300,1.9803727032587707e-05,4.295223382941436e-05,-53.89360397124256,DW322_VF_5_240918_150137_24.0
94,DW322_VF_5_240918_150137,25.0,DW322,51,5,300,1.2517536819784307e-05,2.106083899776966e-05,-40.56487103334339,DW322_VF_5_240918_150137_25.0
95,DW322_VF_5_240918_150137,26.0,DW322,51,5,300,2.3883200997563074e-05,1.933202817666219e-05,23.542138358742434,DW322_VF_5_240918_150137_26.0
96,DW322_VF_5_240918_150137,28.0,DW322,51,5,300,7.616748602288327e-05,5.203514027885323e-05,46.37701679039631,DW322_VF_5_240918_150137_28.0
97,DW322_VF_5_240918_150137,29.0,DW322,51,5,300,1.5379633739275728e-05,1.905444178277611e-05,-19.2858341660901,DW322_VF_5_240918_150137_29.0
98,DW322_VF_5_240918_150137,30.0,DW322,51,5,300,7.564906556235442e-05,5.642578595156351e-05,34.068253169379645,DW322_VF_5_240918_150137_30.0
99,DW322_VF_5_240918_150137,31.0,DW322,51,5,300,1.9712564003748127e-05,4.524345891151768e-05,-56.43002441015871,DW322_VF_5_240918_150137_31.0
100,DW322_VF_5_240918_150137,32.0,DW322,51,5,300,6.682958197361618e-06,1.0363175300156975e-05,-35.51244667973156,DW322_VF_5_240918_150137_32.0
101,DW322_VF_5_240918_150137,33.0,DW322,51,5,300,9.023614196219089e-05,3.722794205162067e-05,142.38820893475244,DW322_VF_5_240918_150137_33.0
102,DW322_VF_5_240918_150137,34.0,DW322,51,5,300,7.1607765396643074e-06,9.52451693731521e-06,-24.817430775835213,DW322_VF_5_240918_150137_34.0
103,DW322_VF_5_240918_150137,35.0,DW322,51,5,300,0.00010631733415583247,7.995521172371289e-05,32.971112031088744,DW322_VF_5_240918_150137_35.0
104,DW322_VF_5_240918_150137,36.0,DW322,51,5,300,2.608460213983291e-05,5.964871810432959e-05,-56.26963500840169,DW322_VF_5_240918_150137_36.0
105,DW322_VF_6_240918_150811,2.0,DW322,51,20,300,2.5413668770192683e-05,2.5748210670779566e-05,-1.2992821321232215,DW322_VF_6_240918_150811_2.0
106,DW322_VF_6_240918_150811,9.0,DW322,51,20,300,8.656068714356747e-05,8.642057214881853e-05,0.16213152871477476,DW322_VF_6_240918_150811_9.0
107,DW322_VF_6_240918_150811,12.0,DW322,51,20,300,7.160797342772694e-05,8.382633470962934e-05,-14.575802847907225,DW322_VF_6_240918_150811_12.0
108,DW322_VF_6_240918_150811,14.0,DW322,51,20,300,3.9019784100063477e-05,3.244947825122737e-05,20.24780120644186,DW322_VF_6_240918_150811_14.0
109,DW322_VF_6_240918_150811,15.0,DW322,51,20,300,4.395059340587343e-05,5.239996462175537e-05,-16.124765115535855,DW322_VF_6_240918_150811_15.0
110,DW322_VF_6_240918_150811,16.0,DW322,51,20,300,3.987247035609533e-05,3.589045351574487e-05,11.094919262035999,DW322_VF_6_240918_150811_16.0
111,DW322_VF_6_240918_150811,17.0,DW322,51,20,300,3.2762875354887346e-05,2.8799379035398964e-05,13.76243673384979,DW322_VF_6_240918_150811_17.0
112,DW322_VF_6_240918_150811,18.0,DW322,51,20,300,3.2944391084383575e-05,2.791102526784488e-05,18.033611335436774,DW322_VF_6_240918_150811_18.0
113,DW322_VF_6_240918_150811,20.0,DW322,51,20,300,1.9637013283714032e-05,1.7750601857107688e-05,10.627309664156476,DW322_VF_6_240918_150811_20.0
114,DW322_VF_6_240918_150811,22.0,DW322,51,20,300,4.488745592347473e-05,4.3739586284026795e-05,2.624326695717103,DW322_VF_6_240918_150811_22.0
115,DW322_VF_6_240918_150811,23.0,DW322,51,20,300,4.847704897429487e-05,5.98220343469069e-05,-18.964559625008174,DW322_VF_6_240918_150811_23.0
116,DW322_VF_6_240918_150811,24.0,DW322,51,20,300,6.869296729374688e-05,7.37422610425693e-05,-6.847218511387402,DW322_VF_6_240918_150811_24.0
117,DW322_VF_6_240918_150811,25.0,DW322,51,20,300,2.6739540693488862e-05,2.3229007162319858e-05,15.112714489422935,DW322_VF_6_240918_150811_25.0
118,DW322_VF_6_240918_150811,26.0,DW322,51,20,300,9.279348059433436e-06,1.2407332466232714e-05,-25.21077286606345,DW322_VF_6_240918_150811_26.0
119,DW322_VF_6_240918_150811,27.0,DW322,51,20,300,2.855828339310348e-05,2.710138187692234e-05,5.375746236105159,DW322_VF_6_240918_150811_27.0
120,DW322_VF_6_240918_150811,29.0,DW322,51,20,300,9.926305086562367e-05,9.03237637325422e-05,9.8969382626167,DW322_VF_6_240918_150811_29.0
121,DW322_VF_6_240918_150811,30.0,DW322,51,20,300,2.2355079624712743e-05,3.5265295323662486e-05,-36.60884044911764,DW322_VF_6_240918_150811_30.0
122,DW322_VF_7_240918_151516,2.0,DW322,51,5,300,4.751891832803589e-05,3.90064462355926e-05,21.82324439665522,DW322_VF_7_240918_151516_2.0
123,DW322_VF_7_240918_151516,4.0,DW322,51,5,300,3.702224453107228e-05,2.988725808634372e-05,23.873004422539278,DW322_VF_7_240918_151516_4.0
124,DW322_VF_7_240918_151516,5.0,DW322,51,5,300,8.570926040326512e-05,7.154717512821618e-05,19.794052315370603,DW322_VF_7_240918_151516_5.0
125,DW322_VF_7_240918_151516,6.0,DW322,51,5,300,6.1019126598278044e-05,7.614892244310717e-05,-19.86869329127144,DW322_VF_7_240918_151516_6.0
126,DW322_VF_7_240918_151516,8.0,DW322,51,5,300,8.422519789237103e-05,8.384239156684652e-05,0.45657849015351776,DW322_VF_7_240918_151516_8.0
127,DW322_VF_7_240918_151516,10.0,DW322,51,5,300,3.0136478058373477e-05,4.790654471650545e-05,-37.09319209575466,DW322_VF_7_240918_151516_10.0
128,DW322_VF_7_240918_151516,11.0,DW322,51,5,300,1.9609594364327613e-05,6.173628211825422e-05,-68.23651556022445,DW322_VF_7_240918_151516_11.0
129,DW322_VF_7_240918_151516,12.0,DW322,51,5,300,7.51934882249656e-05,5.0829987089991305e-05,47.931354166665926,DW322_VF_7_240918_151516_12.0
130,DW322_VF_7_240918_151516,20.0,DW322,51,5,300,3.419126590471798e-05,4.794582889044647e-05,-28.6877154989997,DW322_VF_7_240918_151516_20.0
131,DW322_VF_7_240918_151516,21.0,DW322,51,5,300,3.909660134420192e-05,4.768782563754143e-05,-18.015550464888914,DW322_VF_7_240918_151516_21.0
132,DW322_VF_7_240918_151516,22.0,DW322,51,5,300,3.114678576195847e-05,3.769367676946565e-05,-17.36867180017469,DW322_VF_7_240918_151516_22.0
133,DW322_VF_7_240918_151516,23.0,DW322,51,5,300,1.5964346874019713e-05,1.3950689668205767e-05,14.434105077995955,DW322_VF_7_240918_151516_23.0
134,DW322_VF_7_240918_151516,26.0,DW322,51,5,300,2.0389915934274316e-06,5.1158207175853066e-05,-96.01434118592441,DW322_VF_7_240918_151516_26.0
135,DW322_VF_7_240918_151516,27.0,DW322,51,5,300,4.449132848451616e-05,7.661663583758607e-05,-41.92993728042297,DW322_VF_7_240918_151516_27.0
136,DW322_VF_7_240918_151516,29.0,DW322,51,5,300,7.651209034021308e-05,5.755975839038189e-05,32.92635771903811,DW322_VF_7_240918_151516_29.0
137,DW322_VF_7_240918_151516,30.0,DW322,51,5,300,7.744778974107033e-06,2.2352884716322086e-05,-65.35221707446202,DW322_VF_7_240918_151516_30.0
138,DW322_VF_7_240918_151516,32.0,DW322,51,5,300,3.135685539165672e-05,6.534547102608667e-05,-52.01372811416617,DW322_VF_7_240918_151516_32.0
139,DW322_VF_7_240918_151516,33.0,DW322,51,5,300,1.049767325699816e-05,1.2583039847194305e-05,-16.57283625833171,DW322_VF_7_240918_151516_33.0
140,DW322_VF_8_240918_152056,4.0,DW322,51,100,300,4.6829855927998943e-05,3.0905197984698205e-05,51.52744192477059,DW322_VF_8_240918_152056_4.0
141,DW322_VF_8_240918_152056,5.0,DW322,51,100,300,3.8111848508842935e-05,3.074599130638824e-05,23.957130310266688,DW322_VF_8_240918_152056_5.0
142,DW322_VF_8_240918_152056,10.0,DW322,51,100,300,7.326619342103624e-05,6.560147696180025e-05,11.683755936926774,DW322_VF_8_240918_152056_10.0
143,DW322_VF_8_240918_152056,13.0,DW322,51,100,300,4.825226427836204e-05,3.897020608068743e-05,23.81834516978483,DW322_VF_8_240918_152056_13.0
144,DW322_VF_8_240918_152056,14.0,DW322,51,100,300,4.000561894762084e-05,4.718510566497085e-05,-15.215578340179281,DW322_VF_8_240918_152056_14.0
145,DW322_VF_8_240918_152056,16.0,DW322,51,100,300,3.3489026003884e-05,3.70712002878864e-05,-9.662957379809821,DW322_VF_8_240918_152056_16.0
146,DW322_VF_8_240918_152056,18.0,DW322,51,100,300,2.147633337450612e-05,2.006541477007236e-05,7.031594515245952,DW322_VF_8_240918_152056_18.0
147,DW322_VF_8_240918_152056,20.0,DW322,51,100,300,3.943129866894208e-05,3.5243316407843456e-05,11.883053832489445,DW322_VF_8_240918_152056_20.0
148,DW322_VF_8_240918_152056,22.0,DW322,51,100,300,2.7252915125088503e-05,1.9852410915669183e-05,37.27760945940437,DW322_VF_8_240918_152056_22.0
149,DW322_VF_8_240918_152056,23.0,DW322,51,100,300,4.931119650442996e-05,4.986271122422718e-05,-1.1060664497706933,DW322_VF_8_240918_152056_23.0
150,DW322_VF_8_240918_152056,24.0,DW322,51,100,300,4.126730234153642e-05,4.058564920749827e-05,1.6795422701091385,DW322_VF_8_240918_152056_24.0
151,DW322_VF_8_240918_152056,25.0,DW322,51,100,300,3.505452817115156e-05,1.7433377965588332e-05,101.07708466107681,DW322_VF_8_240918_152056_25.0
152,DW322_VF_8_240918_152056,26.0,DW322,51,100,300,2.1115943355266636e-06,4.458465875363805e-06,-52.638544410652,DW322_VF_8_240918_152056_26.0
153,DW322_VF_8_240918_152056,27.0,DW322,51,100,300,7.375907096019526e-05,4.92865912377475e-05,49.65342318846518,DW322_VF_8_240918_152056_27.0
154,DW322_VF_8_240918_152056,28.0,DW322,51,100,300,4.302946623458735e-05,3.89709440927853e-05,10.41422587079025,DW322_VF_8_240918_152056_28.0
155,DW322_VF_8_240918_152056,30.0,DW322,51,100,300,4.5776830993560405e-05,4.6327468814672235e-05,-1.1885773930680186,DW322_VF_8_240918_152056_30.0
156,DW322_VF_8_240918_152056,31.0,DW322,51,100,300,4.35062306611091e-06,4.3211026437006245e-06,0.6831687382691833,DW322_VF_8_240918_152056_31.0
157,DW322_VF_8_240918_152056,32.0,DW322,51,100,300,2.5807698704976782e-05,2.1323969273451034e-05,21.026711181337717,DW322_VF_8_240918_152056_32.0
158,DW322_VF_9_240918_152753,7.0,DW322,51,20,300,2.6166442543525537e-05,3.395448917641796e-05,-22.93672154049477,DW322_VF_9_240918_152753_7.0
159,DW322_VF_9_240918_152753,8.0,DW322,51,20,300,4.439585458812609e-05,6.46877523559923e-05,-31.36899494698007,DW322_VF_9_240918_152753_8.0
160,DW322_VF_9_240918_152753,9.0,DW322,51,20,300,8.920923131737178e-05,8.993242455220184e-05,-0.8041518266976978,DW322_VF_9_240918_152753_9.0
161,DW322_VF_9_240918_152753,10.0,DW322,51,20,300,1.54894876877665e-05,2.3699174107457734e-05,-34.64123425764353,DW322_VF_9_240918_152753_10.0
162,DW322_VF_9_240918_152753,11.0,DW322,51,20,300,2.132384960040649e-05,2.0961915735465455e-05,1.726625893876094,DW322_VF_9_240918_152753_11.0
163,DW322_VF_9_240918_152753,14.0,DW322,51,20,300,4.4290710299531375e-05,8.610815784789464e-05,-48.56386269722725,DW322_VF_9_240918_152753_14.0
164,DW322_VF_9_240918_152753,18.0,DW322,51,20,300,4.965306355326041e-05,5.397119921295019e-05,-8.000814735748275,DW322_VF_9_240918_152753_18.0
165,DW322_VF_9_240918_152753,19.0,DW322,51,20,300,5.977789219067991e-05,5.043943726334635e-05,18.514193325704863,DW322_VF_9_240918_152753_19.0
166,DW322_VF_9_240918_152753,20.0,DW322,51,20,300,5.079077451868177e-05,5.2503467450026815e-05,-3.2620568022011147,DW322_VF_9_240918_152753_20.0
167,DW322_VF_9_240918_152753,24.0,DW322,51,20,300,0.0001274830749471316,0.0002443703779327374,-47.832026113156346,DW322_VF_9_240918_152753_24.0
168,DW322_VF_9_240918_152753,25.0,DW322,51,20,300,1.843868203582197e-05,2.4880737111942887e-05,-25.891737238880662,DW322_VF_9_240918_152753_25.0
169,DW322_VF_9_240918_152753,26.0,DW322,51,20,300,4.898771726607867e-05,8.37206956636745e-05,-41.486729323327985,DW322_VF_9_240918_152753_26.0
170,DW322_VF_9_240918_152753,27.0,DW322,51,20,300,2.1969910736069085e-05,2.4933306231367616e-05,-11.885288969701094,DW322_VF_9_240918_152753_27.0
171,DW322_VF_9_240918_152753,29.0,DW322,51,20,300,3.813390389239647e-05,2.5662464746916572e-05,48.59797867614559,DW322_VF_9_240918_152753_29.0
172,DW322_VF_9_240918_152753,30.0,DW322,51,20,300,0.00011703113393692484,7.428776969738764e-05,57.5375521618874,DW322_VF_9_240918_152753_30.0
173,DW323_VF_1_240911_164342,0.0,DW323,70,5,300,3.737277143341261e-06,4.401688311940011e-06,-15.094461977157028,DW323_VF_1_240911_164342_0.0
174,DW323_VF_1_240911_164342,1.0,DW323,70,5,300,6.387446233915513e-06,5.823640139975009e-06,9.681334704567163,DW323_VF_1_240911_164342_1.0
175,DW323_VF_1_240911_164342,2.0,DW323,70,5,300,5.038516788882277e-06,1.4746992393634385e-06,241.66402574786562,DW323_VF_1_240911_164342_2.0
176,DW323_VF_1_240911_164342,3.0,DW323,70,5,300,2.605795693306629e-06,3.0442156363952937e-06,-14.401737440906293,DW323_VF_1_240911_164342_3.0
177,DW323_VF_1_240911_164342,4.0,DW323,70,5,300,2.7044758066960614e-06,2.56400354361128e-06,5.478629833987382,DW323_VF_1_240911_164342_4.0
178,DW323_VF_1_240911_164342,7.0,DW323,70,5,300,2.34459756561946e-05,2.3104788561668374e-05,1.4766942948452921,DW323_VF_1_240911_164342_7.0
179,DW323_VF_1_240911_164342,10.0,DW323,70,5,300,2.694637454231246e-05,2.4676695451320618e-05,9.19766220509228,DW323_VF_1_240911_164342_10.0
180,DW323_VF_1_240911_164342,12.0,DW323,70,5,300,1.8727152256194677e-05,1.1908163308655045e-05,57.2631460519481,DW323_VF_1_240911_164342_12.0
181,DW323_VF_1_240911_164342,14.0,DW323,70,5,300,1.6271093748432903e-05,2.610801585777737e-05,-37.67778510221076,DW323_VF_1_240911_164342_14.0
182,DW323_VF_1_240911_164342,15.0,DW323,70,5,300,8.68883181132631e-06,9.926536451931338e-06,-12.468645499853245,DW323_VF_1_240911_164342_15.0
183,DW323_VF_1_240911_164342,17.0,DW323,70,5,300,2.4944345831108254e-05,9.489216521662689e-06,162.87044640791416,DW323_VF_1_240911_164342_17.0
184,DW323_VF_2_240911_165039,0.0,DW323,70,20,300,2.379599359368216e-07,1.7393119413460096e-06,-86.31873154664422,DW323_VF_2_240911_165039_0.0
185,DW323_VF_2_240911_165039,1.0,DW323,70,20,300,1.0758547197410421e-06,1.6234478008607339e-06,-33.73025488280954,DW323_VF_2_240911_165039_1.0
186,DW323_VF_2_240911_165039,2.0,DW323,70,20,300,1.3087796476525193e-06,5.2742091825546625e-06,-75.18529124742476,DW323_VF_2_240911_165039_2.0
187,DW323_VF_2_240911_165039,3.0,DW323,70,20,300,3.6091686802778645e-06,1.7843814715172513e-06,102.26441138782981,DW323_VF_2_240911_165039_3.0
188,DW323_VF_2_240911_165039,4.0,DW323,70,20,300,2.487526134956767e-06,5.632678472978117e-06,-55.83759756765313,DW323_VF_2_240911_165039_4.0
189,DW323_VF_2_240911_165039,7.0,DW323,70,20,300,2.8555192312418593e-06,1.464496402974309e-05,-80.50169856721763,DW323_VF_2_240911_165039_7.0
190,DW323_VF_2_240911_165039,8.0,DW323,70,20,300,3.3314391031155027e-06,7.4638426715293e-06,-55.36563068480502,DW323_VF_2_240911_165039_8.0
191,DW323_VF_2_240911_165039,10.0,DW323,70,20,300,1.7582721083855877e-05,2.9729616084276222e-05,-40.85789391288087,DW323_VF_2_240911_165039_10.0
192,DW323_VF_2_240911_165039,11.0,DW323,70,20,300,8.5569142908027e-06,2.222128963543994e-05,-61.49226966037298,DW323_VF_2_240911_165039_11.0
193,DW323_VF_2_240911_165039,12.0,DW323,70,20,300,2.102922113330312e-05,2.4743664202459756e-05,-15.011693655248461,DW323_VF_2_240911_165039_12.0
194,DW323_VF_2_240911_165039,13.0,DW323,70,20,300,1.0904770949360173e-05,1.643037616582575e-05,-33.63042428668506,DW323_VF_2_240911_165039_13.0
195,DW323_VF_2_240911_165039,15.0,DW323,70,20,300,5.9702189664748895e-06,1.0888658789192599e-05,-45.170299831595834,DW323_VF_2_240911_165039_15.0
196,DW323_VF_2_240911_165039,18.0,DW323,70,20,300,4.365447852500884e-06,2.6462675203403085e-05,-83.50337666563853,DW323_VF_2_240911_165039_18.0
197,DW323_VF_2_240911_165039,20.0,DW323,70,20,300,5.960986255867922e-05,4.499496248460645e-06,1224.8119182024604,DW323_VF_2_240911_165039_20.0
198,DW323_VF_2_240911_165039,21.0,DW323,70,20,300,0.0,0.0,,DW323_VF_2_240911_165039_21.0
199,DW323_VF_2_240911_165039,22.0,DW323,70,20,300,1.7940795596765038e-05,6.4958849573874e-06,176.1870894336266,DW323_VF_2_240911_165039_22.0
200,DW323_VF_2_240911_165039,23.0,DW323,70,20,300,1.0980314815314645e-05,1.9847743121648762e-05,-44.677262558190016,DW323_VF_2_240911_165039_23.0
201,DW323_VF_3_240911_165617,0.0,DW323,70,100,300,0.0,0.0,,DW323_VF_3_240911_165617_0.0
202,DW323_VF_3_240911_165617,1.0,DW323,70,100,300,0.0,0.0,,DW323_VF_3_240911_165617_1.0
203,DW323_VF_3_240911_165617,2.0,DW323,70,100,300,0.0,0.0,,DW323_VF_3_240911_165617_2.0
204,DW323_VF_3_240911_165617,3.0,DW323,70,100,300,2.016308695037292e-06,1.6776309450724643e-06,20.187857821745094,DW323_VF_3_240911_165617_3.0
205,DW323_VF_3_240911_165617,6.0,DW323,70,100,300,1.5878679436044113e-07,2.3692852565564653e-06,-93.29811410757593,DW323_VF_3_240911_165617_6.0
206,DW323_VF_3_240911_165617,7.0,DW323,70,100,300,2.3599214035589923e-05,2.3632771006815602e-05,-0.14199338374666845,DW323_VF_3_240911_165617_7.0
207,DW323_VF_3_240911_165617,8.0,DW323,70,100,300,0.0,5.197533270598512e-07,-100.0,DW323_VF_3_240911_165617_8.0
208,DW323_VF_3_240911_165617,10.0,DW323,70,100,300,0.0,0.0,,DW323_VF_3_240911_165617_10.0
209,DW323_VF_3_240911_165617,11.0,DW323,70,100,300,8.089635056710811e-06,7.5449035149562276e-06,7.219860938907498,DW323_VF_3_240911_165617_11.0
210,DW323_VF_3_240911_165617,12.0,DW323,70,100,300,0.0,0.0,,DW323_VF_3_240911_165617_12.0
211,DW323_VF_3_240911_165617,14.0,DW323,70,100,300,2.818779037023793e-05,7.978194062926353e-06,253.31041270634142,DW323_VF_3_240911_165617_14.0
212,DW323_VF_3_240911_165617,15.0,DW323,70,100,300,4.754434345293528e-06,1.8488605405836173e-05,-74.28451610637582,DW323_VF_3_240911_165617_15.0
213,DW323_VF_3_240911_165617,16.0,DW323,70,100,300,2.909548081225827e-05,1.0722184340598211e-05,171.35777457296518,DW323_VF_3_240911_165617_16.0
214,DW323_VF_3_240911_165617,17.0,DW323,70,100,300,7.07916040526243e-06,3.608524299574475e-06,96.17882041412938,DW323_VF_3_240911_165617_17.0
215,DW323_VF_3_240911_165617,18.0,DW323,70,100,300,7.2341595956772556e-06,2.3396937348225813e-05,-69.08074126109578,DW323_VF_3_240911_165617_18.0
216,DW323_VF_4_240911_170446,1.0,DW323,70,100,300,2.6721160020635598e-05,2.697810993272154e-05,-0.952438524146907,DW323_VF_4_240911_170446_1.0
217,DW323_VF_4_240911_170446,2.0,DW323,70,100,300,1.0708900719775492e-05,1.2597340383259513e-05,-14.990780641234014,DW323_VF_4_240911_170446_2.0
218,DW323_VF_4_240911_170446,3.0,DW323,70,100,300,1.3042960632654591e-05,3.756066489862219e-05,-65.27494742742684,DW323_VF_4_240911_170446_3.0
219,DW323_VF_4_240911_170446,6.0,DW323,70,100,300,5.656170350014671e-06,2.7384721685296122e-05,-79.3455255269157,DW323_VF_4_240911_170446_6.0
220,DW323_VF_4_240911_170446,13.0,DW323,70,100,300,2.8127075705258943e-05,4.574345989656803e-05,-38.511263098904294,DW323_VF_4_240911_170446_13.0
221,DW323_VF_4_240911_170446,14.0,DW323,70,100,300,1.496411259636737e-05,0.0001049306803438241,-85.73904929679786,DW323_VF_4_240911_170446_14.0
222,DW323_VF_4_240911_170446,17.0,DW323,70,100,300,0.0,1.0554219091524788e-05,-100.0,DW323_VF_4_240911_170446_17.0
223,DW323_VF_4_240911_170446,21.0,DW323,70,100,300,2.686749966523941e-05,5.226381534420045e-05,-48.592540578419886,DW323_VF_4_240911_170446_21.0
224,DW323_VF_4_240911_170446,23.0,DW323,70,100,300,1.8930551548869704e-06,2.7007892209119066e-05,-92.99073344847032,DW323_VF_4_240911_170446_23.0
225,DW323_VF_4_240911_170446,25.0,DW323,70,100,300,0.0001048576797231595,9.345181953873687e-05,12.205070207000919,DW323_VF_4_240911_170446_25.0
226,DW323_VF_4_240911_170446,28.0,DW323,70,100,300,0.0,1.4249425360954965e-05,-100.0,DW323_VF_4_240911_170446_28.0
227,DW323_VF_5_240911_171014,0.0,DW323,70,5,300,1.04085606547526e-05,2.5947254908945644e-05,-59.88569622768027,DW323_VF_5_240911_171014_0.0
228,DW323_VF_5_240911_171014,1.0,DW323,70,5,300,6.376755385570383e-06,1.4096881107338241e-05,-54.76477855622325,DW323_VF_5_240911_171014_1.0
229,DW323_VF_5_240911_171014,2.0,DW323,70,5,300,1.5569017600502662e-05,1.5461363887861663e-05,0.6962756547338992,DW323_VF_5_240911_171014_2.0
230,DW323_VF_5_240911_171014,4.0,DW323,70,5,300,3.4740364113561314e-06,4.400825706610518e-06,-21.059441046761936,DW323_VF_5_240911_171014_4.0
231,DW323_VF_5_240911_171014,5.0,DW323,70,5,300,2.3639717515621455e-06,3.6789962030157452e-06,-35.74411004761702,DW323_VF_5_240911_171014_5.0
232,DW323_VF_5_240911_171014,6.0,DW323,70,5,300,6.958642836775934e-06,1.1504622091034612e-05,-39.51437273025504,DW323_VF_5_240911_171014_6.0
233,DW323_VF_5_240911_171014,7.0,DW323,70,5,300,4.4282527158907496e-05,3.703269735428169e-05,19.576834318247652,DW323_VF_5_240911_171014_7.0
234,DW323_VF_5_240911_171014,10.0,DW323,70,5,300,2.683956529572151e-05,3.010175026937962e-05,-10.837193666364637,DW323_VF_5_240911_171014_10.0
235,DW323_VF_5_240911_171014,11.0,DW323,70,5,300,5.3175061966131016e-05,5.659831998061516e-05,-6.048338564919604,DW323_VF_5_240911_171014_11.0
236,DW323_VF_5_240911_171014,12.0,DW323,70,5,300,9.605869714523132e-06,4.914988375010224e-05,-80.45596656268154,DW323_VF_5_240911_171014_12.0
237,DW323_VF_5_240911_171014,13.0,DW323,70,5,300,5.5802835597541056e-05,4.038283158076201e-05,38.1845537154581,DW323_VF_5_240911_171014_13.0
238,DW323_VF_5_240911_171014,14.0,DW323,70,5,300,1.2502936871766101e-05,1.6930175151868445e-05,-26.149985102863777,DW323_VF_5_240911_171014_14.0
239,DW323_VF_5_240911_171014,15.0,DW323,70,5,300,9.42178218540614e-07,4.1985211258038e-06,-77.55928360702876,DW323_VF_5_240911_171014_15.0
240,DW323_VF_5_240911_171014,17.0,DW323,70,5,300,7.5548417489545395e-06,6.0806016339609624e-06,24.244971200871827,DW323_VF_5_240911_171014_17.0
241,DW323_VF_5_240911_171014,18.0,DW323,70,5,300,1.4217935330215352e-06,1.084892361435437e-05,-86.89461200426982,DW323_VF_5_240911_171014_18.0
242,DW323_VF_5_240911_171014,19.0,DW323,70,5,300,1.5532583142303684e-05,2.381873487239436e-05,-34.78837887269248,DW323_VF_5_240911_171014_19.0
243,DW323_VF_5_240911_171014,21.0,DW323,70,5,300,1.968635767555248e-05,3.901048405549232e-05,-49.535725710174006,DW323_VF_5_240911_171014_21.0
244,DW323_VF_5_240911_171014,22.0,DW323,70,5,300,5.978226846647102e-06,3.467918404202043e-05,-82.76133936887517,DW323_VF_5_240911_171014_22.0
245,DW323_VF_6_240911_171505,0.0,DW323,70,20,300,6.931692500166393e-06,1.2099084141083121e-05,-42.70894871596569,DW323_VF_6_240911_171505_0.0
246,DW323_VF_6_240911_171505,1.0,DW323,70,20,300,2.0285920025036766e-05,1.3914695373796064e-05,45.787740802712015,DW323_VF_6_240911_171505_1.0
247,DW323_VF_6_240911_171505,2.0,DW323,70,20,300,1.3236140285869327e-05,2.4060681361961156e-05,-44.98850599137619,DW323_VF_6_240911_171505_2.0
248,DW323_VF_6_240911_171505,3.0,DW323,70,20,300,1.0069422729236215e-06,1.8973278647531564e-06,-46.928399059030035,DW323_VF_6_240911_171505_3.0
249,DW323_VF_6_240911_171505,4.0,DW323,70,20,300,3.1057374225584223e-06,2.0786135519946018e-06,49.41389271604672,DW323_VF_6_240911_171505_4.0
250,DW323_VF_6_240911_171505,5.0,DW323,70,20,300,6.761973341678926e-06,9.054173740012069e-06,-25.316505560341586,DW323_VF_6_240911_171505_5.0
251,DW323_VF_6_240911_171505,8.0,DW323,70,20,300,1.3434399866574797e-05,1.9656028555212966e-05,-31.65252162287958,DW323_VF_6_240911_171505_8.0
252,DW323_VF_6_240911_171505,12.0,DW323,70,20,300,1.9781596611032248e-05,5.220657372429299e-05,-62.10899279561917,DW323_VF_6_240911_171505_12.0
253,DW323_VF_6_240911_171505,14.0,DW323,70,20,300,1.1887432088510349e-05,1.5930668874046734e-05,-25.380207306445108,DW323_VF_6_240911_171505_14.0
254,DW323_VF_6_240911_171505,15.0,DW323,70,20,300,1.431885709014979e-05,1.0623612867293952e-05,34.78331024497404,DW323_VF_6_240911_171505_15.0
255,DW323_VF_6_240911_171505,16.0,DW323,70,20,300,1.0961613718809643e-05,7.57953014227071e-06,44.621282758375735,DW323_VF_6_240911_171505_16.0
256,DW323_VF_6_240911_171505,17.0,DW323,70,20,300,0.00010691077434586455,0.00011669892921603327,-8.387527577094453,DW323_VF_6_240911_171505_17.0
257,DW323_VF_6_240911_171505,19.0,DW323,70,20,300,0.0,0.0,,DW323_VF_6_240911_171505_19.0
258,DW327_VF_01_241125_153746,0.0,DW327,63,5,300,3.7636789835593003e-05,2.0705831084908794e-05,81.76903733665702,DW327_VF_01_241125_153746_0.0
259,DW327_VF_01_241125_153746,1.0,DW327,63,5,300,5.7663316000776056e-05,6.016873798367547e-05,-4.163992908708115,DW327_VF_01_241125_153746_1.0
260,DW327_VF_01_241125_153746,2.0,DW327,63,5,300,2.8513359128556032e-05,3.976245029167081e-05,-28.29073932969158,DW327_VF_01_241125_153746_2.0
261,DW327_VF_01_241125_153746,5.0,DW327,63,5,300,2.849363372416979e-05,3.940717283974472e-05,-27.6942960611676,DW327_VF_01_241125_153746_5.0
262,DW327_VF_01_241125_153746,8.0,DW327,63,5,300,0.00010098500745809726,8.062757009135765e-05,25.248729862096752,DW327_VF_01_241125_153746_8.0
263,DW327_VF_01_241125_153746,9.0,DW327,63,5,300,8.826022414173562e-05,3.211234714445359e-05,174.84824994170452,DW327_VF_01_241125_153746_9.0
264,DW327_VF_01_241125_153746,10.0,DW327,63,5,300,2.3009147496317202e-05,5.6008475844087864e-05,-58.91845448469564,DW327_VF_01_241125_153746_10.0
265,DW327_VF_01_241125_153746,13.0,DW327,63,5,300,5.325912845639212e-07,1.5664658459960487e-05,-96.60004534458733,DW327_VF_01_241125_153746_13.0
266,DW327_VF_01_241125_153746,15.0,DW327,63,5,300,2.5215665074975258e-05,2.6972723678168025e-05,-6.514205328900273,DW327_VF_01_241125_153746_15.0
267,DW327_VF_01_241125_153746,16.0,DW327,63,5,300,4.3655883594056336e-05,1.8704069802937887e-05,133.40312591861272,DW327_VF_01_241125_153746_16.0
268,DW327_VF_01_241125_153746,17.0,DW327,63,5,300,6.437603727817024e-05,2.3847688998745834e-05,169.9466488411343,DW327_VF_01_241125_153746_17.0
269,DW327_VF_02_241125_154307,1.0,DW327,63,100,300,0.0,0.0,,DW327_VF_02_241125_154307_1.0
270,DW327_VF_02_241125_154307,2.0,DW327,63,100,300,0.00010762988648237334,9.118054322584623e-05,18.040409362097716,DW327_VF_02_241125_154307_2.0
271,DW327_VF_02_241125_154307,3.0,DW327,63,100,300,0.0002242449078013744,0.00016203756522625737,38.390691990622834,DW327_VF_02_241125_154307_3.0
272,DW327_VF_02_241125_154307,4.0,DW327,63,100,300,4.2280087550126466e-05,1.86251091262336e-05,127.0058514211584,DW327_VF_02_241125_154307_4.0
273,DW327_VF_02_241125_154307,6.0,DW327,63,100,300,0.00012355395550697014,1.980695311094525e-05,523.7908214095518,DW327_VF_02_241125_154307_6.0
274,DW327_VF_02_241125_154307,7.0,DW327,63,100,300,4.9427930648815606e-05,1.7824523542899227e-05,177.30295583977198,DW327_VF_02_241125_154307_7.0
275,DW327_VF_02_241125_154307,14.0,DW327,63,100,300,1.710425840667782e-05,3.312432752422415e-05,-48.3634546417001,DW327_VF_02_241125_154307_14.0
276,DW327_VF_02_241125_154307,17.0,DW327,63,100,300,4.2370133220275526e-05,1.0594416780273038e-05,299.928888007968,DW327_VF_02_241125_154307_17.0
277,DW327_VF_02_241125_154307,18.0,DW327,63,100,300,0.00011414545825638301,4.449326335045343e-05,156.5454850036747,DW327_VF_02_241125_154307_18.0
278,DW327_VF_02_241125_154307,19.0,DW327,63,100,300,6.185379310145877e-05,8.010720384390279e-05,-22.78622878663034,DW327_VF_02_241125_154307_19.0
279,DW327_VF_02_241125_154307,21.0,DW327,63,100,300,1.7382618757036108e-05,2.8759624859756314e-05,-39.55895168382459,DW327_VF_02_241125_154307_21.0
280,DW327_VF_02_241125_154307,22.0,DW327,63,100,300,3.2592410169442704e-06,2.193968179368786e-05,-85.14453834110772,DW327_VF_02_241125_154307_22.0
281,DW327_VF_03_241125_154841,1.0,DW327,63,100,300,1.936467878629258e-05,9.646211084660509e-06,100.74906734195841,DW327_VF_03_241125_154841_1.0
282,DW327_VF_03_241125_154841,2.0,DW327,63,100,300,3.351437299469981e-05,1.027910580765617e-05,226.0436619860198,DW327_VF_03_241125_154841_2.0
283,DW327_VF_03_241125_154841,3.0,DW327,63,100,300,0.0,3.0202805494845296e-05,-100.0,DW327_VF_03_241125_154841_3.0
284,DW327_VF_03_241125_154841,5.0,DW327,63,100,300,5.0671703467620015e-05,0.00023271186565040962,-78.22556089866885,DW327_VF_03_241125_154841_5.0
285,DW327_VF_03_241125_154841,6.0,DW327,63,100,300,5.3285961372991295e-05,7.013488346500484e-05,-24.023597473318166,DW327_VF_03_241125_154841_6.0
286,DW327_VF_03_241125_154841,7.0,DW327,63,100,300,2.34317287740347e-05,7.046410878602224e-06,232.53423874542474,DW327_VF_03_241125_154841_7.0
287,DW327_VF_03_241125_154841,8.0,DW327,63,100,300,7.065761029617902e-05,4.15114538022713e-05,70.21232412802894,DW327_VF_03_241125_154841_8.0
288,DW327_VF_03_241125_154841,9.0,DW327,63,100,300,5.472540391417011e-05,3.231633099271192e-05,69.34287474191288,DW327_VF_03_241125_154841_9.0
289,DW327_VF_03_241125_154841,10.0,DW327,63,100,300,0.0001251692322749925,8.943396519651681e-05,39.95715386201781,DW327_VF_03_241125_154841_10.0
290,DW327_VF_03_241125_154841,11.0,DW327,63,100,300,5.526797953795227e-05,2.1167174432920615e-05,161.10230117438718,DW327_VF_03_241125_154841_11.0
291,DW327_VF_03_241125_154841,12.0,DW327,63,100,300,4.075381917177115e-05,2.6614582172161698e-05,53.125902590343124,DW327_VF_03_241125_154841_12.0
292,DW327_VF_03_241125_154841,13.0,DW327,63,100,300,1.326757230223356e-05,8.988899149702186e-07,1375.9952338182738,DW327_VF_03_241125_154841_13.0
293,DW327_VF_03_241125_154841,14.0,DW327,63,100,300,1.4444989528822933e-05,3.2817039151924274e-06,340.16736128907996,DW327_VF_03_241125_154841_14.0
294,DW327_VF_03_241125_154841,15.0,DW327,63,100,300,0.00011321574585327849,0.00013925695695941878,-18.700115006626937,DW327_VF_03_241125_154841_15.0
295,DW327_VF_03_241125_154841,16.0,DW327,63,100,300,0.00013824683976126128,1.8022170729704765e-05,667.0931644954293,DW327_VF_03_241125_154841_16.0
296,DW327_VF_03_241125_154841,17.0,DW327,63,100,300,3.145797719610328e-05,2.7931323046465386e-05,12.626162189922397,DW327_VF_03_241125_154841_17.0
297,DW327_VF_03_241125_154841,18.0,DW327,63,100,300,3.940733950575798e-05,1.1105886792615033e-05,254.832893956404,DW327_VF_03_241125_154841_18.0
298,DW327_VF_03_241125_154841,19.0,DW327,63,100,300,2.3053080597288447e-05,6.091657456296773e-06,278.43691577666004,DW327_VF_03_241125_154841_19.0
299,DW327_VF_03_241125_154841,20.0,DW327,63,100,300,6.98530093578075e-05,5.4416337520519036e-05,28.367715544008593,DW327_VF_03_241125_154841_20.0
300,DW327_VF_04_241125_155417,0.0,DW327,63,5,300,2.7835079219331328e-05,2.267393762021703e-05,22.76244067335004,DW327_VF_04_241125_155417_0.0
301,DW327_VF_04_241125_155417,1.0,DW327,63,5,300,2.4135567479155906e-05,2.454830825610141e-05,-1.6813410221167415,DW327_VF_04_241125_155417_1.0
302,DW327_VF_04_241125_155417,2.0,DW327,63,5,300,0.00012740556194469448,7.56220109055427e-05,68.47682363780714,DW327_VF_04_241125_155417_2.0
303,DW327_VF_04_241125_155417,3.0,DW327,63,5,300,3.718438878930535e-05,1.0997555800340249e-05,238.11502723318682,DW327_VF_04_241125_155417_3.0
304,DW327_VF_04_241125_155417,6.0,DW327,63,5,300,9.204053057718536e-05,2.368593816120219e-05,288.58722821437016,DW327_VF_04_241125_155417_6.0
305,DW327_VF_04_241125_155417,7.0,DW327,63,5,300,3.779772863972127e-05,1.3661596857539341e-05,176.6713806143538,DW327_VF_04_241125_155417_7.0
306,DW327_VF_04_241125_155417,9.0,DW327,63,5,300,5.340680257072843e-05,5.267398710508723e-05,1.3912283954871234,DW327_VF_04_241125_155417_9.0
307,DW327_VF_04_241125_155417,11.0,DW327,63,5,300,9.279242974488359e-06,2.4514967098134413e-06,278.5133766381644,DW327_VF_04_241125_155417_11.0
308,DW327_VF_04_241125_155417,13.0,DW327,63,5,300,0.0,0.0,,DW327_VF_04_241125_155417_13.0
309,DW327_VF_04_241125_155417,14.0,DW327,63,5,300,7.227715582397772e-05,5.237187047685209e-06,1280.075891234849,DW327_VF_04_241125_155417_14.0
310,DW327_VF_04_241125_155417,16.0,DW327,63,5,300,2.3407982268598614e-05,4.0036009098589145e-05,-41.53267821736132,DW327_VF_04_241125_155417_16.0
311,DW327_VF_04_241125_155417,18.0,DW327,63,5,300,0.0002960908652785861,0.0002283496251291067,29.665579749114606,DW327_VF_04_241125_155417_18.0
312,DW327_VF_04_241125_155417,19.0,DW327,63,5,300,1.6719987334713282e-05,4.8498207859770366e-05,-65.52452539471538,DW327_VF_04_241125_155417_19.0
313,DW327_VF_04_241125_155417,25.0,DW327,63,5,300,0.00012125739323966894,1.179794095230865e-05,927.7843712715057,DW327_VF_04_241125_155417_25.0
314,DW327_VF_05_241125_155941,0.0,DW327,63,20,300,3.822814115021236e-05,4.448934657559991e-05,-14.073493785187429,DW327_VF_05_241125_155941_0.0
315,DW327_VF_05_241125_155941,1.0,DW327,63,20,300,7.21687818844291e-05,3.656114931218484e-05,97.39199462303884,DW327_VF_05_241125_155941_1.0
316,DW327_VF_05_241125_155941,2.0,DW327,63,20,300,6.394110269462174e-05,3.5801656445069884e-05,78.59816847504229,DW327_VF_05_241125_155941_2.0
317,DW327_VF_05_241125_155941,6.0,DW327,63,20,300,0.00011513170269700783,0.00014349258868166293,-19.76470439708456,DW327_VF_05_241125_155941_6.0
318,DW327_VF_05_241125_155941,9.0,DW327,63,20,300,3.33720710247393e-05,5.249039460297371e-06,535.7748170338328,DW327_VF_05_241125_155941_9.0
319,DW327_VF_05_241125_155941,10.0,DW327,63,20,300,4.423912061863027e-05,9.903966748804239e-05,-55.331917260352775,DW327_VF_05_241125_155941_10.0
320,DW327_VF_05_241125_155941,12.0,DW327,63,20,300,5.235912846378651e-05,3.4750760522120127e-06,1406.7045347240103,DW327_VF_05_241125_155941_12.0
321,DW327_VF_05_241125_155941,16.0,DW327,63,20,300,1.0372844685056357e-05,5.48052985862979e-05,-81.0732813201939,DW327_VF_05_241125_155941_16.0
322,DW327_VF_05_241125_155941,17.0,DW327,63,20,300,3.01524748707806e-05,5.39365295732449e-05,-44.09637566719223,DW327_VF_05_241125_155941_17.0
323,DW327_VF_05_241125_155941,18.0,DW327,63,20,300,0.0,0.00014508442517985155,-100.0,DW327_VF_05_241125_155941_18.0
324,DW327_VF_05_241125_155941,19.0,DW327,63,20,300,0.00014782864443502837,1.998168730021907e-05,639.8206278275991,DW327_VF_05_241125_155941_19.0
325,DW327_VF_05_241125_155941,20.0,DW327,63,20,300,0.0,8.691332668727966e-05,-100.00000000000001,DW327_VF_05_241125_155941_20.0
326,DW327_VF_05_241125_155941,21.0,DW327,63,20,300,4.856070125473028e-06,3.913103096936449e-05,-87.59023208646144,DW327_VF_05_241125_155941_21.0
327,DW327_VF_05_241125_155941,22.0,DW327,63,20,300,3.835257482413425e-05,7.040671543927262e-05,-45.52710691750106,DW327_VF_05_241125_155941_22.0
328,DW327_VF_05_241125_155941,23.0,DW327,63,20,300,1.094765910719639e-05,1.4769073221901055e-05,-25.87443407781262,DW327_VF_05_241125_155941_23.0
329,DW327_VF_05_241125_155941,24.0,DW327,63,20,300,6.259620382157395e-05,3.561952953517313e-05,75.73562772568974,DW327_VF_05_241125_155941_24.0
330,DW327_VF_05_241125_155941,25.0,DW327,63,20,300,3.3514485317144116e-07,0.0,,DW327_VF_05_241125_155941_25.0
331,DW327_VF_05_241125_155941,26.0,DW327,63,20,300,2.360795199640251e-05,6.171902530874258e-05,-61.749311693912304,DW327_VF_05_241125_155941_26.0
332,DW327_VF_05_241125_155941,27.0,DW327,63,20,300,6.702897063428823e-07,2.606307039159009e-06,-74.28201296808192,DW327_VF_05_241125_155941_27.0
333,DW327_VF_05_241125_155941,28.0,DW327,63,20,300,1.0054345595143237e-06,2.0850456313272075e-05,-95.17787743151536,DW327_VF_05_241125_155941_28.0
334,DW327_VF_06_241125_160515,0.0,DW327,63,20,300,2.7073271897683242e-05,1.5646625143860366e-05,73.0294657714518,DW327_VF_06_241125_160515_0.0
335,DW327_VF_06_241125_160515,2.0,DW327,63,20,300,0.0,8.077220859456609e-06,-100.0,DW327_VF_06_241125_160515_2.0
336,DW327_VF_06_241125_160515,3.0,DW327,63,20,300,0.0001504081774058765,0.00012444347812166247,20.864652512226925,DW327_VF_06_241125_160515_3.0
337,DW327_VF_06_241125_160515,10.0,DW327,63,20,300,1.6223130568138665e-05,2.1257119590132e-06,663.185741104349,DW327_VF_06_241125_160515_10.0
338,DW327_VF_06_241125_160515,18.0,DW327,63,20,300,1.1747365215055626e-05,5.3350602904618215e-06,120.19179869546952,DW327_VF_06_241125_160515_18.0
339,DW327_VF_06_241125_160515,23.0,DW327,63,20,300,0.0002217823781873717,1.5921671106287837e-05,1292.9591731095659,DW327_VF_06_241125_160515_23.0
340,DW327_VF_07_241125_161126,0.0,DW327,63,5,300,1.9699797031844284e-05,2.1064677112539215e-05,-6.4794730695513785,DW327_VF_07_241125_161126_0.0
341,DW327_VF_07_241125_161126,2.0,DW327,63,5,300,7.7649689779122e-06,3.0212710433332624e-06,157.01000891814664,DW327_VF_07_241125_161126_2.0
342,DW327_VF_07_241125_161126,6.0,DW327,63,5,300,9.332774835212826e-06,2.5137331001085956e-05,-62.87284901165663,DW327_VF_07_241125_161126_6.0
343,DW327_VF_07_241125_161126,7.0,DW327,63,5,300,0.0001090408619044467,0.00011603622996622554,-6.028606809972175,DW327_VF_07_241125_161126_7.0
344,DW327_VF_07_241125_161126,8.0,DW327,63,5,300,5.339793145757724e-05,3.538364099767016e-05,50.91135324681038,DW327_VF_07_241125_161126_8.0
345,DW327_VF_07_241125_161126,9.0,DW327,63,5,300,1.1049245145637882e-05,8.257928496501333e-06,33.80165679951281,DW327_VF_07_241125_161126_9.0
346,DW327_VF_07_241125_161126,10.0,DW327,63,5,300,1.5205483455980618e-05,2.048523280282032e-05,-25.77344078858996,DW327_VF_07_241125_161126_10.0
347,DW327_VF_07_241125_161126,11.0,DW327,63,5,300,6.951253418377142e-05,5.662677820393563e-06,1127.5558735379407,DW327_VF_07_241125_161126_11.0
348,DW327_VF_07_241125_161126,12.0,DW327,63,5,300,6.7921167836593924e-06,6.458228241796111e-06,5.169971226820922,DW327_VF_07_241125_161126_12.0
349,DW327_VF_07_241125_161126,14.0,DW327,63,5,300,8.851807438625208e-05,0.00010068091150852588,-12.080579069095759,DW327_VF_07_241125_161126_14.0
350,DW327_VF_07_241125_161126,15.0,DW327,63,5,300,2.1167633393161473e-05,1.884934557053345e-05,12.299036133393004,DW327_VF_07_241125_161126_15.0
351,DW327_VF_07_241125_161126,16.0,DW327,63,5,300,6.868193836695147e-06,3.208843816385274e-06,114.03951796046245,DW327_VF_07_241125_161126_16.0
352,DW327_VF_07_241125_161126,17.0,DW327,63,5,300,6.823496569486043e-05,4.555466540733047e-06,1397.8699785133388,DW327_VF_07_241125_161126_17.0
353,DW327_VF_08_241125_161626,4.0,DW327,63,100,300,0.0001267409120557201,0.00013931101693245282,-9.023051552934644,DW327_VF_08_241125_161626_4.0
354,DW327_VF_08_241125_161626,5.0,DW327,63,100,300,2.067520422540249e-05,1.332339729394713e-05,55.179672040518625,DW327_VF_08_241125_161626_5.0
355,DW327_VF_08_241125_161626,6.0,DW327,63,100,300,7.336946191710092e-05,0.00010971963241815251,-33.13005129521165,DW327_VF_08_241125_161626_6.0
356,DW327_VF_08_241125_161626,7.0,DW327,63,100,300,1.3384273073859336e-05,1.2834854099132437e-05,4.280679550257112,DW327_VF_08_241125_161626_7.0
357,DW327_VF_08_241125_161626,8.0,DW327,63,100,300,8.468064825198917e-06,7.560414069391612e-06,12.0053048348494,DW327_VF_08_241125_161626_8.0
358,DW327_VF_08_241125_161626,9.0,DW327,63,100,300,1.152460208209656e-05,3.0523844860502554e-05,-62.243937044087,DW327_VF_08_241125_161626_9.0
359,DW327_VF_09_241125_162141,0.0,DW327,63,100,300,2.734451281353001e-05,2.0971845353631635e-05,30.386774994956934,DW327_VF_09_241125_162141_0.0
360,DW327_VF_09_241125_162141,1.0,DW327,63,100,300,7.548792966042106e-05,9.65772361725133e-05,-21.836726073234257,DW327_VF_09_241125_162141_1.0
361,DW327_VF_09_241125_162141,4.0,DW327,63,100,300,1.4363443161620824e-07,6.300587203076725e-06,-97.7203008705908,DW327_VF_09_241125_162141_4.0
362,DW327_VF_09_241125_162141,6.0,DW327,63,100,300,9.048969191821125e-06,4.512421210909013e-05,-79.94653254012553,DW327_VF_09_241125_162141_6.0
363,DW327_VF_09_241125_162141,7.0,DW327,63,100,300,2.7290542007079554e-06,3.498405244899971e-05,-92.19914786977176,DW327_VF_09_241125_162141_7.0
364,DW327_VF_09_241125_162141,10.0,DW327,63,100,300,2.268213230276084e-05,7.533477641606777e-06,201.08448424256667,DW327_VF_09_241125_162141_10.0
365,DW327_VF_09_241125_162141,11.0,DW327,63,100,300,4.4526673801024524e-06,3.5951990659051112e-06,23.850370966356177,DW327_VF_09_241125_162141_11.0
366,DW327_VF_09_241125_162141,14.0,DW327,63,100,300,3.128456187769031e-05,9.275816967720684e-06,237.2701508293966,DW327_VF_09_241125_162141_14.0
367,DW327_VF_09_241125_162141,15.0,DW327,63,100,300,9.346155254741035e-05,0.00010593501346082408,-11.774634755700061,DW327_VF_09_241125_162141_15.0
368,DW327_VF_09_241125_162141,16.0,DW327,63,100,300,9.290308117710146e-06,2.162394848826571e-05,-57.036948535316974,DW327_VF_09_241125_162141_16.0
369,DW327_VF_09_241125_162141,18.0,DW327,63,100,300,3.434867637995669e-05,3.2367093686217946e-05,6.122213853826835,DW327_VF_09_241125_162141_18.0
370,DW327_VF_09_241125_162141,19.0,DW327,63,100,300,1.8604642519655604e-05,1.5522475341621016e-05,19.85615766945529,DW327_VF_09_241125_162141_19.0
371,DW327_VF_09_241125_162141,20.0,DW327,63,100,300,1.1075821846830429e-05,7.569219141382466e-06,46.32713943075911,DW327_VF_09_241125_162141_20.0
372,DW327_VF_09_241125_162141,21.0,DW327,63,100,300,4.188191888586177e-05,3.295577191189776e-05,27.08523107219792,DW327_VF_09_241125_162141_21.0
373,DW327_VF_10_241125_162725,0.0,DW327,63,5,300,5.286518751692203e-07,5.201893550307068e-05,-98.98373184676565,DW327_VF_10_241125_162725_0.0
374,DW327_VF_10_241125_162725,3.0,DW327,63,5,300,6.569044474136792e-05,9.89905238658142e-05,-33.63966349909,DW327_VF_10_241125_162725_3.0
375,DW327_VF_10_241125_162725,5.0,DW327,63,5,300,6.438508856616532e-06,1.4745877189737653e-05,-56.33688810932596,DW327_VF_10_241125_162725_5.0
376,DW327_VF_10_241125_162725,6.0,DW327,63,5,300,3.717779555215417e-05,6.259947757088823e-05,-40.610054596615946,DW327_VF_10_241125_162725_6.0
377,DW327_VF_10_241125_162725,9.0,DW327,63,5,300,5.2071712648000064e-05,3.597173991170152e-05,44.75728106513208,DW327_VF_10_241125_162725_9.0
378,DW327_VF_10_241125_162725,10.0,DW327,63,5,300,7.019137553400359e-06,9.916131246421616e-06,-29.214959151198013,DW327_VF_10_241125_162725_10.0
379,DW327_VF_10_241125_162725,11.0,DW327,63,5,300,9.260326788815434e-06,2.953181375252805e-05,-68.64287826540044,DW327_VF_10_241125_162725_11.0
380,DW327_VF_10_241125_162725,12.0,DW327,63,5,300,6.268678971629116e-05,7.464297691410283e-05,-16.017832744761154,DW327_VF_10_241125_162725_12.0
381,DW327_VF_10_241125_162725,13.0,DW327,63,5,300,1.4014081521869885e-05,1.6700332749259898e-05,-16.085016195315376,DW327_VF_10_241125_162725_13.0
